frame,elapsed,playing,overlay,px,py,pz,rx,ry,rz,fov,minClear,inside,clearName
0,0.000,1,0.000,100.00,25.00,184.00,357.28,67.69,0.00,44.00,16.58,0,GroundPlane
1,0.033,1,0.000,100.24,25.06,183.98,357.38,67.49,0.00,44.00,16.64,0,GroundPlane
2,0.067,1,0.000,100.63,25.16,183.94,357.47,67.28,0.00,44.00,16.75,0,GroundPlane
3,0.100,1,0.000,100.94,25.25,183.91,357.57,67.08,0.01,44.00,16.83,0,GroundPlane
4,0.133,1,0.000,101.26,25.33,183.88,357.67,66.87,0.01,44.00,16.92,0,GroundPlane
5,0.167,1,0.000,101.58,25.42,183.85,357.78,66.66,0.02,44.00,17.01,0,GroundPlane
6,0.200,1,0.000,101.91,25.52,183.83,357.90,66.44,0.04,44.00,17.10,0,GroundPlane
7,0.233,1,0.000,102.24,25.61,183.80,358.02,66.22,0.06,44.00,17.20,0,GroundPlane
8,0.267,1,0.000,102.58,25.71,183.78,358.15,65.99,0.08,44.00,17.30,0,GroundPlane
9,0.300,1,0.000,102.93,25.82,183.75,358.29,65.75,0.11,44.00,17.40,0,GroundPlane
10,0.333,1,0.000,103.30,25.93,183.73,358.44,65.50,0.15,44.00,17.51,0,GroundPlane
11,0.367,1,0.000,103.68,26.05,183.71,358.60,65.24,0.19,44.00,17.63,0,GroundPlane
12,0.400,1,0.000,104.08,26.17,183.68,358.77,64.95,0.24,44.00,17.76,0,GroundPlane
13,0.433,1,0.000,104.51,26.31,183.66,358.96,64.65,0.30,44.00,17.89,0,GroundPlane
14,0.467,1,0.000,104.95,26.45,183.64,359.16,64.33,0.37,44.00,18.03,0,GroundPlane
15,0.500,1,0.000,105.43,26.60,183.61,359.38,63.98,0.44,44.00,18.18,0,GroundPlane
16,0.533,1,0.000,105.93,26.76,183.59,359.63,63.61,0.53,44.00,18.34,0,GroundPlane
17,0.567,1,0.000,106.46,26.93,183.56,359.89,63.20,0.62,44.00,18.52,0,GroundPlane
18,0.600,1,0.000,107.03,27.11,183.53,0.18,62.75,0.71,44.00,18.70,0,GroundPlane
19,0.633,1,0.000,107.63,27.31,183.51,0.50,62.27,0.81,44.00,18.89,0,GroundPlane
20,0.667,1,0.000,108.26,27.52,183.48,0.85,61.74,0.92,44.00,19.10,0,GroundPlane
21,0.700,1,0.000,108.94,27.74,183.45,1.23,61.16,1.02,44.00,19.32,0,GroundPlane
22,0.733,1,0.000,109.65,27.97,183.41,1.64,60.53,1.11,44.00,19.55,0,GroundPlane
23,0.767,1,0.000,110.40,28.21,183.38,2.10,59.83,1.19,44.00,19.79,0,GroundPlane
24,0.800,1,0.000,111.19,28.46,183.34,2.60,59.09,1.24,44.00,20.05,0,GroundPlane
25,0.833,1,0.000,112.03,28.73,183.29,3.16,58.30,1.27,44.00,20.31,0,GroundPlane
26,0.867,1,0.000,112.91,29.00,183.24,3.79,57.49,1.27,44.00,20.59,0,GroundPlane
27,0.900,1,0.000,113.83,29.28,183.18,4.52,56.68,1.22,44.00,20.87,0,GroundPlane
28,0.933,1,0.000,114.79,29.57,183.12,5.34,55.92,1.13,44.00,21.15,0,GroundPlane
29,0.967,1,0.000,115.79,29.86,183.04,6.27,55.22,0.98,44.00,21.45,0,GroundPlane
30,1.000,1,0.000,116.84,30.15,182.95,7.32,54.64,0.76,44.00,21.74,0,GroundPlane
31,1.033,1,0.000,117.92,30.44,182.85,8.48,54.21,0.49,44.00,22.03,0,GroundPlane
32,1.067,1,0.000,119.05,30.72,182.73,9.75,53.96,0.16,44.00,22.31,0,GroundPlane
33,1.100,1,0.000,120.22,31.00,182.59,11.12,53.95,359.79,44.00,22.58,0,GroundPlane
34,1.133,1,0.000,121.42,31.25,182.42,12.54,54.16,359.42,44.00,22.83,0,GroundPlane
35,1.167,1,0.000,122.65,31.48,182.23,13.99,54.62,359.09,44.00,23.07,0,GroundPlane
36,1.200,1,0.000,123.92,31.68,182.00,15.42,55.30,358.80,44.00,23.27,0,GroundPlane
37,1.233,1,0.000,125.21,31.86,181.73,16.77,56.18,358.59,44.00,23.44,0,GroundPlane
38,1.267,1,0.000,126.53,31.95,181.42,18.02,57.20,358.44,44.00,23.54,0,GroundPlane
39,1.300,1,0.000,127.86,31.97,181.04,19.09,58.31,358.35,44.00,23.55,0,GroundPlane
40,1.333,1,0.000,129.19,31.97,180.60,19.99,59.46,358.33,44.00,23.55,0,GroundPlane
41,1.367,1,0.000,130.51,31.89,180.10,20.70,60.58,358.35,43.99,23.47,0,GroundPlane
42,1.400,1,0.000,131.82,31.72,179.54,21.24,61.65,358.42,43.97,23.30,0,GroundPlane
43,1.433,1,0.000,133.12,31.51,178.93,21.65,62.63,358.54,43.93,23.09,0,GroundPlane
44,1.467,1,0.000,134.40,31.25,178.28,21.94,63.52,358.69,43.86,22.83,0,GroundPlane
45,1.500,1,0.000,135.66,30.95,177.59,22.14,64.27,358.88,43.76,22.53,0,GroundPlane
46,1.533,1,0.000,136.91,30.61,176.89,22.26,64.88,359.10,43.62,22.20,0,GroundPlane
47,1.567,1,0.000,138.15,30.25,176.16,22.32,65.34,359.35,43.45,21.83,0,GroundPlane
48,1.600,1,0.000,139.37,29.86,175.42,22.34,65.64,359.62,43.24,21.44,0,GroundPlane
49,1.633,1,0.000,140.58,29.44,174.67,22.32,65.78,359.91,42.99,21.02,0,GroundPlane
50,1.667,1,0.000,141.78,29.01,173.92,22.26,65.76,0.20,42.70,20.59,0,GroundPlane
51,1.700,1,0.000,142.97,28.56,173.16,22.18,65.57,0.50,42.38,20.14,0,GroundPlane
52,1.733,1,0.000,144.16,28.09,172.41,22.08,65.21,0.78,42.03,19.68,0,GroundPlane
53,1.767,1,0.000,145.35,27.62,171.66,21.96,64.68,1.05,41.65,19.20,0,GroundPlane
54,1.800,1,0.000,146.54,27.14,170.92,21.82,63.98,1.29,41.24,18.72,0,GroundPlane
55,1.833,1,0.000,147.74,26.65,170.20,21.67,63.10,1.50,40.82,18.23,0,GroundPlane
56,1.867,1,0.000,148.95,26.16,169.51,21.50,62.08,1.67,40.38,17.74,0,GroundPlane
57,1.900,1,0.000,150.18,25.68,168.86,21.33,60.91,1.80,39.93,17.27,0,GroundPlane
58,1.933,1,0.000,151.42,25.21,168.25,21.15,59.65,1.90,39.48,16.79,0,GroundPlane
59,1.967,1,0.000,152.68,24.73,167.69,20.94,58.31,1.97,39.03,16.31,0,GroundPlane
60,2.000,1,0.000,153.92,24.23,167.15,20.66,56.93,2.01,38.59,15.81,0,GroundPlane
61,2.033,1,0.000,155.10,23.67,166.58,20.25,55.54,2.03,38.17,15.25,0,GroundPlane
62,2.067,1,0.000,156.24,23.07,166.02,19.70,54.13,2.04,37.76,14.65,0,GroundPlane
63,2.100,1,0.000,157.35,22.44,165.47,19.03,52.73,2.03,37.38,14.03,0,GroundPlane
64,2.133,1,0.000,158.42,21.81,164.96,18.22,51.34,2.01,37.03,13.39,0,GroundPlane
65,2.167,1,0.000,159.48,21.17,164.48,17.27,49.97,1.97,36.71,12.75,0,GroundPlane
66,2.200,1,0.000,160.52,20.54,164.07,16.20,48.64,1.91,36.42,12.12,0,GroundPlane
67,2.233,1,0.000,161.56,19.92,163.69,15.02,47.36,1.79,36.17,11.51,0,GroundPlane
68,2.267,1,0.000,162.60,19.36,163.50,13.78,46.17,1.62,35.94,10.94,0,GroundPlane
69,2.300,1,0.000,163.66,18.84,163.51,12.53,45.10,1.37,35.75,10.43,0,GroundPlane
70,2.333,1,0.000,164.69,18.50,163.55,11.34,44.25,1.09,35.59,10.08,0,GroundPlane
71,2.367,1,0.000,165.64,18.37,163.91,10.36,43.74,0.78,35.45,9.95,0,GroundPlane
72,2.400,1,0.000,166.49,18.32,164.51,9.48,43.49,0.48,35.34,9.91,0,GroundPlane
73,2.433,1,0.000,167.19,18.43,165.15,8.67,43.49,0.22,35.26,10.01,0,GroundPlane
74,2.467,1,0.000,167.81,18.60,165.81,7.83,43.61,0.01,35.19,10.19,0,GroundPlane
75,2.500,1,0.000,168.40,18.74,166.40,6.84,43.69,359.90,35.13,10.32,0,GroundPlane
76,2.533,1,0.000,168.95,18.86,166.95,5.77,43.78,359.85,35.09,10.44,0,GroundPlane
77,2.567,1,0.000,169.47,18.98,167.47,4.61,43.88,359.84,35.06,10.56,0,GroundPlane
78,2.600,1,0.000,169.94,19.08,167.94,3.39,43.98,359.85,35.04,10.67,0,GroundPlane
79,2.633,1,0.000,170.37,19.18,168.37,2.13,44.08,359.86,35.03,10.76,0,GroundPlane
80,2.667,1,0.000,170.76,19.27,168.76,0.86,44.19,359.87,35.02,10.85,0,GroundPlane
81,2.700,1,0.000,171.12,19.35,169.12,359.59,44.29,359.89,35.01,10.93,0,GroundPlane
82,2.733,1,0.000,171.44,19.42,169.44,358.35,44.39,359.90,35.01,11.00,0,GroundPlane
83,2.767,1,0.000,171.72,19.48,169.72,357.16,44.49,359.92,35.00,11.06,0,GroundPlane
84,2.800,1,0.000,171.97,19.54,169.97,356.05,44.58,359.94,35.00,11.12,0,GroundPlane
85,2.833,1,0.000,172.18,19.58,170.18,355.03,44.66,359.95,35.00,11.17,0,GroundPlane
86,2.867,1,0.000,172.37,19.63,170.37,354.12,44.74,359.97,35.00,11.21,0,GroundPlane
87,2.900,1,0.000,172.52,19.66,170.52,353.35,44.80,359.98,35.00,11.24,0,GroundPlane
88,2.933,1,0.000,172.65,19.69,170.65,352.69,44.86,359.99,35.00,11.27,0,GroundPlane
89,2.967,1,0.000,172.76,19.71,170.76,352.17,44.90,359.99,35.00,11.30,0,GroundPlane
90,3.000,1,0.000,172.84,19.73,170.84,351.77,44.94,0.00,35.00,11.32,0,GroundPlane
91,3.033,1,0.000,172.91,19.75,170.91,351.47,44.96,0.00,35.00,11.33,0,GroundPlane
92,3.067,1,0.000,172.96,19.76,170.96,351.27,44.98,0.00,35.00,11.34,0,GroundPlane
93,3.100,1,0.000,172.99,19.77,170.99,351.14,44.99,0.00,35.00,11.35,0,GroundPlane
94,3.133,1,0.000,173.02,19.77,171.02,351.07,44.99,0.00,35.00,11.36,0,GroundPlane
95,3.167,1,0.000,173.04,19.78,171.04,351.03,45.00,0.00,35.00,11.36,0,GroundPlane
96,3.200,1,0.000,173.05,19.78,171.05,351.01,45.00,0.00,35.00,11.36,0,GroundPlane
97,3.233,1,0.000,173.05,19.78,171.05,351.00,45.00,0.00,35.00,11.36,0,GroundPlane
98,3.267,1,0.000,173.05,19.78,171.05,351.00,45.00,0.00,35.00,11.36,0,GroundPlane
99,3.300,1,0.000,173.05,19.78,171.05,351.00,45.00,0.00,35.00,11.36,0,GroundPlane
100,3.333,1,0.000,173.05,19.78,171.05,351.00,45.00,0.00,35.00,11.36,0,GroundPlane
101,3.367,1,0.000,173.05,19.78,171.05,351.00,45.00,0.00,35.00,11.36,0,GroundPlane
102,3.400,1,0.000,173.05,19.78,171.05,351.00,45.00,0.00,35.00,11.36,0,GroundPlane
103,3.433,1,0.000,173.05,19.78,171.05,351.00,45.00,0.00,35.00,11.36,0,GroundPlane
104,3.467,1,0.000,173.05,19.78,171.05,351.00,45.00,0.00,35.00,11.36,0,GroundPlane
105,3.500,1,0.000,173.05,19.78,171.05,351.00,45.00,0.00,35.00,11.36,0,GroundPlane
106,3.533,1,0.000,173.05,19.78,171.05,351.00,45.00,0.00,35.00,11.36,0,GroundPlane
107,3.567,1,0.000,173.05,19.78,171.05,351.00,45.00,0.00,35.00,11.36,0,GroundPlane
108,3.600,1,0.000,173.05,19.78,171.05,351.00,45.00,0.00,35.00,11.36,0,GroundPlane
109,3.633,1,0.000,173.05,19.78,171.05,351.00,45.00,0.00,35.00,11.36,0,GroundPlane
110,3.667,1,0.000,173.05,19.78,171.05,351.00,45.00,0.00,35.00,11.36,0,GroundPlane
111,3.700,1,0.000,173.05,19.78,171.05,351.00,45.00,0.00,35.00,11.36,0,GroundPlane
112,3.733,1,0.000,173.05,19.78,171.05,351.00,45.00,0.00,35.00,11.36,0,GroundPlane
113,3.767,1,0.000,173.05,19.78,171.05,351.00,45.00,0.00,35.00,11.36,0,GroundPlane
114,3.800,1,0.000,173.05,19.78,171.05,351.00,45.00,0.00,35.00,11.36,0,GroundPlane
115,3.833,1,0.000,173.05,19.78,171.05,351.00,45.00,0.00,35.00,11.36,0,GroundPlane
116,3.867,1,0.000,173.05,19.78,171.05,351.00,45.00,0.00,35.00,11.36,0,GroundPlane
117,3.900,1,0.000,173.05,19.78,171.05,351.00,45.00,0.00,35.00,11.36,0,GroundPlane
118,3.933,1,0.000,173.05,19.78,171.05,351.00,45.00,0.00,35.00,11.36,0,GroundPlane
119,3.967,1,0.000,173.05,19.78,171.05,351.00,45.00,0.00,35.00,11.36,0,GroundPlane
120,4.000,1,0.000,173.05,19.78,171.05,351.00,45.00,0.00,35.00,11.36,0,GroundPlane
121,4.033,1,0.000,173.05,19.78,171.05,351.00,45.00,0.00,35.00,11.36,0,GroundPlane
122,4.067,1,0.000,173.05,19.78,171.05,351.00,45.00,0.00,35.00,11.36,0,GroundPlane
123,4.100,1,0.000,173.05,19.78,171.05,351.00,45.00,0.00,35.00,11.36,0,GroundPlane
124,4.133,1,0.000,173.05,19.78,171.05,351.00,45.00,0.00,35.00,11.36,0,GroundPlane
125,4.167,1,0.000,173.05,19.78,171.05,351.00,45.00,0.00,35.00,11.36,0,GroundPlane
126,4.200,1,0.000,173.05,19.78,171.05,351.00,45.00,0.00,35.00,11.36,0,GroundPlane
127,4.233,1,0.000,173.05,19.78,171.05,351.00,45.00,0.00,35.00,11.36,0,GroundPlane
128,4.267,1,0.000,173.05,19.78,171.05,351.00,45.00,0.00,35.00,11.36,0,GroundPlane
129,4.300,1,0.000,173.05,19.78,171.05,351.00,45.00,0.00,35.00,11.36,0,GroundPlane
130,4.333,1,0.000,173.05,19.78,171.05,351.00,45.00,0.00,35.00,11.36,0,GroundPlane
131,4.367,1,0.000,173.05,19.78,171.05,351.00,45.00,0.00,35.00,11.36,0,GroundPlane
132,4.400,1,0.000,173.05,19.78,171.05,351.00,45.00,0.00,35.00,11.36,0,GroundPlane
133,4.433,1,0.056,173.05,19.78,171.05,351.00,45.00,0.00,35.00,11.36,0,GroundPlane
134,4.467,1,0.111,173.05,19.78,171.05,351.00,45.00,0.00,35.00,11.36,0,GroundPlane
135,4.500,1,0.167,173.05,19.78,171.05,351.00,45.00,0.00,35.00,11.36,0,GroundPlane
136,4.533,1,0.222,173.05,19.78,171.05,351.00,45.00,0.00,35.00,11.36,0,GroundPlane
137,4.567,1,0.278,173.05,19.78,171.05,351.00,45.00,0.00,35.00,11.36,0,GroundPlane
138,4.600,1,0.333,173.05,19.78,171.05,351.00,45.00,0.00,35.00,11.36,0,GroundPlane
139,4.633,1,0.389,173.05,19.78,171.05,351.00,45.00,0.00,35.00,11.36,0,GroundPlane
140,4.667,1,0.444,173.05,19.78,171.05,351.00,45.00,0.00,35.00,11.36,0,GroundPlane
141,4.700,1,0.500,173.05,19.78,171.05,351.00,45.00,0.00,35.00,11.36,0,GroundPlane
142,4.733,1,0.556,173.05,19.78,171.05,351.00,45.00,0.00,35.00,11.36,0,GroundPlane
143,4.767,1,0.611,173.05,19.78,171.05,351.00,45.00,0.00,35.00,11.36,0,GroundPlane
144,4.800,1,0.667,173.05,19.78,171.05,351.00,45.00,0.00,35.00,11.36,0,GroundPlane
145,4.833,1,0.722,173.05,19.78,171.05,351.00,45.00,0.00,35.00,11.36,0,GroundPlane
146,4.867,1,0.778,173.05,19.78,171.05,351.00,45.00,0.00,35.00,11.36,0,GroundPlane
147,4.900,1,0.833,173.05,19.78,171.05,351.00,45.00,0.00,35.00,11.36,0,GroundPlane
148,4.933,1,0.889,173.05,19.78,171.05,351.00,45.00,0.00,35.00,11.36,0,GroundPlane
149,4.967,1,0.944,173.05,19.78,171.05,351.00,45.00,0.00,35.00,11.36,0,GroundPlane
150,5.000,1,1.000,173.05,19.78,171.05,351.00,45.00,0.00,35.00,11.36,0,GroundPlane
151,5.033,0,0.944,11.80,8506.60,-15.20,18.53,329.72,0.00,48.00,8497.03,0,Dress_StatusRing
152,5.033,0,0.889,11.80,8506.60,-15.20,18.53,329.72,0.00,48.00,8497.03,0,Dress_StatusRing
153,5.033,0,0.833,11.80,8506.60,-15.20,18.53,329.72,0.00,48.00,8497.03,0,Dress_StatusRing
154,5.033,0,0.778,11.80,8506.60,-15.20,18.53,329.72,0.00,48.00,8497.03,0,Dress_StatusRing
155,5.033,0,0.722,11.80,8506.60,-15.20,18.53,329.72,0.00,48.00,8497.03,0,Dress_StatusRing
156,5.033,0,0.667,11.80,8506.60,-15.20,18.53,329.72,0.00,48.00,8497.03,0,Dress_StatusRing
157,5.033,0,0.611,11.80,8506.60,-15.20,18.53,329.72,0.00,48.00,8497.03,0,Dress_StatusRing
158,5.033,0,0.556,11.80,8506.60,-15.20,18.53,329.72,0.00,48.00,8497.03,0,Dress_StatusRing
159,5.033,0,0.500,11.80,8506.60,-15.20,18.53,329.72,0.00,48.00,8497.03,0,Dress_StatusRing
160,5.033,0,0.444,11.80,8506.60,-15.20,18.53,329.72,0.00,48.00,8497.03,0,Dress_StatusRing
161,5.033,0,0.389,11.80,8506.60,-15.20,18.53,329.72,0.00,48.00,8497.03,0,Dress_StatusRing
162,5.033,0,0.333,11.80,8506.60,-15.20,18.53,329.72,0.00,48.00,8497.03,0,Dress_StatusRing
163,5.033,0,0.278,11.80,8506.60,-15.20,18.53,329.72,0.00,48.00,8497.03,0,Dress_StatusRing
164,5.033,0,0.222,11.80,8506.60,-15.20,18.53,329.72,0.00,48.00,8497.03,0,Dress_StatusRing
165,5.033,0,0.167,11.80,8506.60,-15.20,18.53,329.72,0.00,48.00,8497.03,0,Dress_StatusRing
166,5.033,0,0.111,11.80,8506.60,-15.20,18.53,329.72,0.00,48.00,8497.03,0,Dress_StatusRing
167,5.033,0,0.056,11.80,8506.60,-15.20,18.53,329.72,0.00,48.00,8497.03,0,Dress_StatusRing
168,5.033,0,0.000,11.80,8506.60,-15.20,18.53,329.72,0.00,48.00,8497.03,0,Dress_StatusRing
169,5.033,0,0.000,11.80,8506.60,-15.20,18.53,329.72,0.00,48.00,8497.03,0,Dress_StatusRing
170,5.033,0,0.000,11.80,8506.60,-15.20,18.53,329.72,0.00,48.00,8497.03,0,Dress_StatusRing
171,5.033,0,0.000,11.80,8506.60,-15.20,18.53,329.72,0.00,48.00,8497.03,0,Dress_StatusRing
172,5.033,0,0.000,11.80,8506.60,-15.20,18.53,329.72,0.00,48.00,8497.03,0,Dress_StatusRing
173,5.033,0,0.000,11.80,8506.60,-15.20,18.53,329.72,0.00,48.00,8497.03,0,Dress_StatusRing
174,5.033,0,0.000,11.80,8506.60,-15.20,18.53,329.72,0.00,48.00,8497.03,0,Dress_StatusRing
175,5.033,0,0.000,11.80,8506.60,-15.20,18.53,329.72,0.00,48.00,8497.03,0,Dress_StatusRing
176,5.033,0,0.000,11.80,8506.60,-15.20,18.53,329.72,0.00,48.00,8497.03,0,Dress_StatusRing
177,5.033,0,0.000,11.80,8506.60,-15.20,18.53,329.72,0.00,48.00,8497.03,0,Dress_StatusRing
178,5.033,0,0.000,11.80,8506.60,-15.20,18.53,329.72,0.00,48.00,8497.03,0,Dress_StatusRing
179,5.033,0,0.000,11.80,8506.60,-15.20,18.53,329.72,0.00,48.00,8497.03,0,Dress_StatusRing
180,5.033,0,0.000,11.80,8506.60,-15.20,18.53,329.72,0.00,48.00,8497.03,0,Dress_StatusRing
181,5.033,0,0.000,11.80,8506.60,-15.20,18.53,329.72,0.00,48.00,8497.03,0,Dress_StatusRing
182,5.033,0,0.000,11.80,8506.60,-15.20,18.53,329.72,0.00,48.00,8497.03,0,Dress_StatusRing
183,5.033,0,0.000,11.80,8506.60,-15.20,18.53,329.72,0.00,48.00,8497.03,0,Dress_StatusRing
184,5.033,0,0.000,11.80,8506.60,-15.20,18.53,329.72,0.00,48.00,8497.03,0,Dress_StatusRing
185,5.033,0,0.000,11.80,8506.60,-15.20,18.53,329.72,0.00,48.00,8497.03,0,Dress_StatusRing
186,5.033,0,0.000,11.80,8506.60,-15.20,18.53,329.72,0.00,48.00,8497.03,0,Dress_StatusRing
187,5.033,0,0.000,11.80,8506.60,-15.20,18.53,329.72,0.00,48.00,8497.03,0,Dress_StatusRing
188,5.033,0,0.000,11.80,8506.60,-15.20,18.53,329.72,0.00,48.00,8497.03,0,Dress_StatusRing
189,5.033,0,0.000,11.80,8506.60,-15.20,18.53,329.72,0.00,48.00,8497.03,0,Dress_StatusRing
190,5.033,0,0.000,11.80,8506.60,-15.20,18.53,329.72,0.00,48.00,8497.03,0,Dress_StatusRing
191,5.033,0,0.000,11.80,8506.60,-15.20,18.53,329.72,0.00,48.00,8497.03,0,Dress_StatusRing
192,5.033,0,0.000,11.80,8506.60,-15.20,18.53,329.72,0.00,48.00,8497.03,0,Dress_StatusRing
193,5.033,0,0.000,11.80,8506.60,-15.20,18.53,329.72,0.00,48.00,8497.03,0,Dress_StatusRing
194,5.033,0,0.000,11.80,8506.60,-15.20,18.53,329.72,0.00,48.00,8497.03,0,Dress_StatusRing
195,5.033,0,0.000,11.80,8506.60,-15.20,18.53,329.72,0.00,48.00,8497.03,0,Dress_StatusRing
196,5.033,0,0.000,11.80,8506.60,-15.20,18.53,329.72,0.00,48.00,8497.03,0,Dress_StatusRing
197,5.033,0,0.000,11.80,8506.60,-15.20,18.53,329.72,0.00,48.00,8497.03,0,Dress_StatusRing
198,5.033,0,0.000,11.80,8506.60,-15.20,18.53,329.72,0.00,48.00,8497.03,0,Dress_StatusRing
199,5.033,0,0.000,11.80,8506.60,-15.20,18.53,329.72,0.00,48.00,8497.03,0,Dress_StatusRing
